2022BCS,BCCS1101
2022BCS,BCCS1102
2022BCS,BCCS1103
2022BCS,BCCS1104
2022BCS,BCCS1105
2021BCS,BCCS2201
2021BCS,BCCS2202
2021BCS,BCCS2203
2021BCS,BCCS2204
2021BCS,BCCS2205
2020BCS,BCCS3201
2020BCS,BCCS3202
2020BCS,BCCS3203
2020BCS,BCCS3204
2020BCS,BCCS3205
2019BCS,BCCS4201
2019BCS,BCCS4202
2019BCS,BCCS4203
2019BCS,BCCS4204
2019BCS,BCCS4205
2022IMT,IMIT1101
2022IMT,IMIT1102
2022IMT,IMIT1103
2022IMT,IMIT1104
2022IMT,IMIT1105
2021IMT,IMIT2201
2021IMT,IMIT2202
2021IMT,IMIT2203
2021IMT,IMIT2204
2021IMT,IMIT2205
2020IMT,IMIT3201
2020IMT,IMIT3202
2020IMT,IMIT3203
2020IMT,IMIT3204
2020IMT,IMIT3205
2019IMT,IMIT4201
2019IMT,IMIT4202
2019IMT,IMIT4203
2019IMT,IMIT4204
2019IMT,IMIT4205
2018IMT,IMIT5201
2018IMT,IMIT5202
2018IMT,IMIT5203
2018IMT,IMIT5204
2018IMT,IMIT5205
2022IMG,IMG1101
2022IMG,IMG1102
2022IMG,IMG1103
2022IMG,IMG1104
2022IMG,IMG1105
2021IMG,IMG2201
2021IMG,IMG2202
2021IMG,IMG2203
2021IMG,IMG2204
2021IMG,IMG2205
2021IMG,IMG2207
2020IMG,IMG3201
2020IMG,IMG3202
2020IMG,IMG3203
2020IMG,IMG3204
2020IMG,IMG3205
2019IMG,IMG4201
2019IMG,IMG4202
2019IMG,IMG4203
2019IMG,IMG4204
2019IMG,IMG4205
2018IMG,IMG5201
2018IMG,IMG5202
2018IMG,IMG5203
2018IMG,IMG5204
2018IMG,IMG5205
